name,datetime,tempmax,tempmin,temp,feelslikemax,feelslikemin,feelslike,dew,humidity,precip,precipprob,precipcover,preciptype,snow,snowdepth,windgust,windspeed,winddir,sealevelpressure,cloudcover,visibility,solarradiation,solarenergy,uvindex,severerisk,sunrise,sunset,moonphase,conditions,description,icon,stations
new delhi,2016-09-01,30.8,25.9,27.5,39.4,25.9,31.1,25.4,88.6,4,100,4.17,rain,,,,9.4,119.9,1001.8,83.8,2.6,245.7,21.1,8,,2016-09-01T05:59:12,2016-09-01T18:42:30,0,"Rain, Partially cloudy",Partly cloudy throughout the day with morning rain.,rain,"42182099999,VIDP,42139099999,42181099999,VIDD"
new delhi,2016-09-02,33.8,26,29.6,41.7,26,35.2,25.3,78.7,0.1,100,4.17,rain,,,,20.4,246.3,1000.3,65.2,3.1,285.4,24.7,9,,2016-09-02T05:59:41,2016-09-02T18:41:22,0.01,"Rain, Partially cloudy",Partly cloudy throughout the day with early morning rain.,rain,"42182099999,VIDP,42139099999,42181099999,VIDD"
new delhi,2016-09-03,34,25,29.8,39.8,25,33.9,23.9,72.1,0,0,0,,,,,26.5,273.7,1000.2,32.1,3.7,291.4,25,9,,2016-09-03T06:00:11,2016-09-03T18:40:13,0.02,Partially cloudy,Partly cloudy throughout the day.,partly-cloudy-day,"42182099999,VIDP,42139099999,42181099999,VIDD"
new delhi,2016-09-04,34,26,30.1,40.6,26,34.7,24.1,71.3,0,0,0,,,,,20.8,261.1,1002.7,38,3.8,289.5,24.9,9,,2016-09-04T06:00:41,2016-09-04T18:39:04,0.05,Partially cloudy,Partly cloudy throughout the day.,partly-cloudy-day,"42182099999,VIDP,42139099999,42181099999,VIDD"
new delhi,2016-09-05,33.9,25,29.7,40.4,25,33.5,23.3,69.6,0,0,0,,,,33.5,25.5,265.6,1003.2,29.7,3.8,283.3,24.6,9,,2016-09-05T06:01:10,2016-09-05T18:37:54,0.08,Partially cloudy,Partly cloudy throughout the day.,partly-cloudy-day,"42182099999,VIDP,42139099999,42181099999,VIDD"
new delhi,2016-09-06,33.8,25,29.7,39.3,25,33.2,22.9,67.4,0,0,0,,,,33.5,23.4,270.8,1003.6,36.3,3.7,275,23.8,9,,2016-09-06T06:01:40,2016-09-06T18:36:45,0.12,Partially cloudy,Partly cloudy throughout the day.,partly-cloudy-day,"42182099999,VIDP,42139099999,42181099999,VIDD"
new delhi,2016-09-07,35,25,29.9,42.8,25,33.7,23,67.6,0,0,0,,,,,15.3,273.5,1003.4,29.1,3.8,280.7,24.2,9,,2016-09-07T06:02:09,2016-09-07T18:35:34,0.16,Partially cloudy,Partly cloudy throughout the day.,partly-cloudy-day,"42182099999,VIDP,42139099999,42181099999,VIDD"
new delhi,2016-09-08,35,25,30.5,41.3,25,34.6,22.9,64.8,0,0,0,,,,,18.4,278.8,1004.6,35.9,3.9,274.5,23.8,9,,2016-09-08T06:02:39,2016-09-08T18:34:24,0.2,Partially cloudy,Partly cloudy throughout the day.,partly-cloudy-day,"42182099999,VIDP,42139099999,42181099999,VIDD"
new delhi,2016-09-09,35.1,26,30.7,40.5,26,34.7,22.6,63.1,0,0,0,,,,33.5,21,278.3,1005.5,18.3,3.8,283.3,24.5,9,,2016-09-09T06:03:08,2016-09-09T18:33:13,0.25,Clear,Clear conditions throughout the day.,clear-day,"42182099999,VIDP,42139099999,42181099999,VIDD"
new delhi,2016-09-10,35,25,30.2,40.6,25,33.8,22.8,65.9,0,0,0,,,,27.7,19,274.3,1004.4,26.9,4.2,278.3,24.1,9,,2016-09-10T06:03:37,2016-09-10T18:32:02,0.3,Partially cloudy,Partly cloudy throughout the day.,partly-cloudy-day,"42182099999,VIDP,42139099999,42181099999,VIDD"
new delhi,2016-09-11,35,25,30.4,40.5,25,33.8,22.4,63.6,0,0,0,,,,27.7,18.4,239.3,1003.8,17.6,4.1,286.9,24.7,9,,2016-09-11T06:04:07,2016-09-11T18:30:50,0.35,Clear,Clear conditions throughout the day.,clear-day,"42182099999,VIDP,42139099999,42181099999,VIDD"
new delhi,2016-09-12,34,25.6,30.4,39,25.6,33.7,22.3,62.9,0,0,0,,,,27.7,20,263.9,1004.3,23.8,3.9,273.4,23.5,9,,2016-09-12T06:04:36,2016-09-12T18:29:39,0.39,Partially cloudy,Partly cloudy throughout the day.,partly-cloudy-day,"42182099999,VIDP,42139099999,42181099999,VIDD"
new delhi,2016-09-13,35.1,26,30.7,41.3,26,35.4,23.7,67.6,0,0,0,,,,,11.4,142.8,1006.4,32.1,3.6,264,22.8,9,,2016-09-13T06:05:05,2016-09-13T18:28:27,0.43,Partially cloudy,Partly cloudy throughout the day.,partly-cloudy-day,"42182099999,VIDP,42139099999,42181099999,VIDD"
new delhi,2016-09-14,33.8,26,29.7,41.5,26,34.8,24.4,74.1,6,100,4.17,rain,,,,13.8,73.9,1006.9,41.6,3.3,265.6,22.9,9,,2016-09-14T06:05:35,2016-09-14T18:27:15,0.47,"Rain, Partially cloudy",Partly cloudy throughout the day with afternoon rain.,rain,"42182099999,VIDP,42139099999,42181099999,VIDD"
new delhi,2016-09-15,35.2,26.9,31,40.6,30.4,35.6,23.3,65.3,0,0,0,,,,,13.3,117.3,1005.2,24.6,2.8,267.2,23,9,,2016-09-15T06:06:04,2016-09-15T18:26:03,0.49,Partially cloudy,Partly cloudy throughout the day.,partly-cloudy-day,"42182099999,VIDP,42139099999,42181099999,VIDD"
new delhi,2016-09-16,35.8,26.4,31.1,40.1,26.4,35.1,22.8,63.5,0,0,0,,,,,13.3,157.4,1004.1,8.7,3.6,276.2,23.8,9,,2016-09-16T06:06:33,2016-09-16T18:24:51,0.5,Clear,Clear conditions throughout the day.,clear-day,"42182099999,VIDP,42139099999,42181099999,VIDD"
new delhi,2016-09-17,35.1,27,31.1,41.9,30.1,35.8,23.5,65.5,0,0,0,,,,,7.6,105.5,1003.3,37.3,3.1,269.4,23.4,9,,2016-09-17T06:07:03,2016-09-17T18:23:39,0.51,Partially cloudy,Partly cloudy throughout the day.,partly-cloudy-day,"42182099999,VIDP,42139099999,42181099999,VIDD"
new delhi,2016-09-18,35.8,26,31.2,43,26,35.9,23.5,65.3,0,0,0,,,,,9.4,108.1,1004.5,33,2.9,266.7,23,9,,2016-09-18T06:07:32,2016-09-18T18:22:27,0.53,Partially cloudy,Partly cloudy throughout the day.,partly-cloudy-day,"42182099999,VIDP,42139099999,42181099999,VIDD"
new delhi,2016-09-19,36.7,27,31.2,42.8,29.6,35.5,22.9,63,0,0,0,,,,,11.2,97,1003.6,27.5,3.3,252.8,21.8,8,,2016-09-19T06:08:02,2016-09-19T18:21:15,0.55,Partially cloudy,Partly cloudy throughout the day.,partly-cloudy-day,"42182099999,VIDP,42139099999,42181099999,VIDD"
new delhi,2016-09-20,37,26.4,31.7,42.8,26.4,35.7,22.6,60.6,0,0,0,,,,,7.6,58.4,1002.6,16.5,3,248.9,21.7,8,,2016-09-20T06:08:31,2016-09-20T18:20:02,0.6,Clear,Clear conditions throughout the day.,clear-day,"42182099999,VIDP,42139099999,42181099999,VIDD"
new delhi,2016-09-21,36.9,27,31.5,45.4,29.6,36.9,23.8,64.6,0.1,100,4.17,rain,,,37.1,16.6,96.4,1004.7,34,2.8,240.5,20.8,8,,2016-09-21T06:09:01,2016-09-21T18:18:50,0.65,"Rain, Partially cloudy",Becoming cloudy in the afternoon with late afternoon rain.,rain,"42182099999,VIDP,42139099999,42181099999,VIDD"
new delhi,2016-09-22,32.7,27,29.1,39.7,29.9,33.3,23.8,74.1,2.4,100,20.83,rain,,,33.5,18.4,100,1007.7,64.3,3,241,20.9,8,,2016-09-22T06:09:31,2016-09-22T18:17:38,0.7,"Rain, Partially cloudy",Partly cloudy throughout the day with rain clearing later.,rain,"42182099999,VIDP,42139099999,42181099999,VIDD"
new delhi,2016-09-23,35,25.8,29.8,41.3,25.8,33.5,23.7,70.9,0.2,100,8.33,rain,,,,11.2,98.4,1004.5,26.3,3.3,252.8,22,9,,2016-09-23T06:10:01,2016-09-23T18:16:26,0.76,"Rain, Partially cloudy",Partly cloudy throughout the day with early morning rain.,rain,"42182099999,VIDP,42139099999,42181099999,VIDD"
new delhi,2016-09-24,34.2,27,29.9,41.6,30.1,34.9,24,71.3,0.1,100,4.17,rain,,,,9.4,112.2,1003.5,55,2.9,245.1,21.2,8,,2016-09-24T06:10:31,2016-09-24T18:15:14,0.81,"Rain, Partially cloudy",Partly cloudy throughout the day with morning rain.,rain,"42182099999,VIDP,42139099999,42181099999,VIDD"
new delhi,2016-09-25,34,26,30.1,40,26,33.9,23.1,67.6,0,0,0,,,,,8.3,78.9,1004.1,34.6,2.7,251.2,21.6,8,,2016-09-25T06:11:01,2016-09-25T18:14:02,0.86,Partially cloudy,Partly cloudy throughout the day.,partly-cloudy-day,"42182099999,VIDP,42139099999,42181099999,VIDD"
new delhi,2016-09-26,34.8,26.3,30.5,40.4,26.3,34.7,23.4,67.2,0,0,0,,,,,9.4,71.4,1005.7,42.4,2.8,241.8,20.9,8,,2016-09-26T06:11:31,2016-09-26T18:12:51,0.91,Partially cloudy,Partly cloudy throughout the day.,partly-cloudy-day,"42182099999,VIDP,42139099999,42181099999,VIDD"
new delhi,2016-09-27,35.2,26.9,30.8,40.2,29.6,35,23.2,65.7,0,0,0,,,,,11.2,137.2,1006,24.9,3.2,236.4,20.3,8,,2016-09-27T06:12:02,2016-09-27T18:11:39,0.95,Partially cloudy,Becoming cloudy in the afternoon.,partly-cloudy-day,"42182099999,VIDP,42139099999,42181099999,VIDD"
new delhi,2016-09-28,36.1,26.2,31.2,40.5,26.2,35,22.8,63.2,0,0,0,,,,,7.6,79,1004.7,16,2.7,232.3,20,8,,2016-09-28T06:12:33,2016-09-28T18:10:28,0.97,Clear,Clear conditions throughout the day.,clear-day,"42182099999,VIDP,42139099999,42181099999,VIDD"
new delhi,2016-09-29,34.3,27,30.9,41.8,29.6,36,23.7,66.4,0,0,0,,,,,11.2,100.4,1004.7,23.3,2.7,220.1,19.1,7,,2016-09-29T06:13:04,2016-09-29T18:09:17,0.99,Partially cloudy,Becoming cloudy in the afternoon.,partly-cloudy-day,"42182099999,VIDP,42139099999,42181099999,VIDD"
new delhi,2016-09-30,35.1,27,31.1,41.5,30.1,36,23.7,66.2,0,0,0,,,,,7.6,104.2,1004.9,35.8,3,231.5,19.9,8,,2016-09-30T06:13:35,2016-09-30T18:08:07,1,Partially cloudy,Partly cloudy throughout the day.,partly-cloudy-day,"42182099999,VIDP,42139099999,42181099999,VIDD"
new delhi,2016-10-01,35.8,27.2,31.6,42.8,30.9,37.4,24.2,66.2,0,0,0,,,,,7.6,48.8,1006.6,26.5,2.5,219.7,19,8,,2016-10-01T06:14:06,2016-10-01T18:06:56,0,Partially cloudy,Becoming cloudy in the afternoon.,partly-cloudy-day,"42182099999,VIDP,42139099999,42181099999,VIDD"
new delhi,2016-10-02,35,28.6,31.8,42.8,33.9,38.6,24.9,67.8,0,0,0,,,,,11.2,79.4,1008.2,43.1,3.2,208.1,17.9,7,,2016-10-02T06:14:38,2016-10-02T18:05:46,0.01,Partially cloudy,Partly cloudy throughout the day.,partly-cloudy-day,"42182099999,VIDP,42139099999,42181099999,VIDD"
new delhi,2016-10-03,36,28.3,32.1,43,34.3,38.9,24.9,66.7,0,0,0,,,,,8.8,104.9,1006.5,42.4,2.7,212.7,18.5,7,,2016-10-03T06:15:10,2016-10-03T18:04:37,0.03,Partially cloudy,Partly cloudy throughout the day.,partly-cloudy-day,"42182099999,VIDP,42139099999,42181099999,VIDD"
new delhi,2016-10-04,34.3,25,29.7,42.1,25,34.7,24.7,75.8,0.4,100,4.17,rain,,,33.5,17.8,99.9,1004.9,61.9,2,190.6,16.8,7,,2016-10-04T06:15:42,2016-10-04T18:03:27,0.05,"Rain, Partially cloudy",Partly cloudy throughout the day with afternoon rain.,rain,"42182099999,VIDP,42139099999,42181099999,VIDD"
new delhi,2016-10-05,31,25,27.8,35.7,25,30.7,23.6,78.4,0.1,100,4.17,rain,,,,10.9,164.2,1004.7,76,2.6,157.3,13.6,6,,2016-10-05T06:16:14,2016-10-05T18:02:19,0.09,"Rain, Partially cloudy",Partly cloudy throughout the day with early morning rain.,rain,"42182099999,VIDP,42139099999,42181099999,VIDD"
new delhi,2016-10-06,33.3,26.8,29.7,39.9,29.7,34.3,24,72.4,0,0,0,,,,,9.5,152.8,1006.1,55.2,2.1,190.3,16.5,7,,2016-10-06T06:16:47,2016-10-06T18:01:10,0.13,Partially cloudy,Partly cloudy throughout the day.,partly-cloudy-day,"42182099999,VIDP,42139099999,42181099999,VIDD"
new delhi,2016-10-07,35,25.9,30,37.8,25.9,33.1,22.8,67.9,0,0,0,,,,,14.8,209.9,1006.8,25,2.4,222.4,19.3,8,,2016-10-07T06:17:20,2016-10-07T18:00:02,0.17,Partially cloudy,Partly cloudy throughout the day.,partly-cloudy-day,"42182099999,VIDP,42139099999,42181099999,VIDD"
new delhi,2016-10-08,35,24,29.5,37.3,24,31.3,21.3,63.8,0,0,0,,,,27.7,22,191.5,1006.9,4.5,2.8,229.7,19.8,8,,2016-10-08T06:17:54,2016-10-08T17:58:55,0.22,Clear,Clear conditions throughout the day.,clear-day,"42182099999,VIDP,42139099999,42181099999,VIDD"
new delhi,2016-10-09,36,24,29.6,40.6,24,31.9,21.7,64.6,0,0,0,,,,,7.6,64.6,1005.1,1.8,2.7,231.7,20.1,8,,2016-10-09T06:18:27,2016-10-09T17:57:48,0.27,Clear,Clear conditions throughout the day.,clear-day,"42182099999,VIDP,42139099999,42181099999,VIDD"
new delhi,2016-10-10,34.4,25.7,28.9,34.4,25.7,29.9,19,56.9,0,0,0,,,,,13.9,252.2,1005.5,32.4,3,227,19.7,8,,2016-10-10T06:19:01,2016-10-10T17:56:42,0.32,Partially cloudy,Partly cloudy throughout the day.,partly-cloudy-day,"42182099999,VIDP,42139099999,42181099999,VIDD,remote"
new delhi,2016-10-11,34.4,22.2,28.1,34.7,22.2,28.4,18.3,58.3,0,0,0,,,,,16,173.2,1006.2,0,2.6,236,20.4,8,,2016-10-11T06:19:36,2016-10-11T17:55:36,0.36,Clear,Clear conditions throughout the day.,clear-day,"42182099999,VIDP,42139099999,42181099999,VIDD"
new delhi,2016-10-12,34.8,21,27.6,34.7,21,27.6,16.5,53.4,0,0,0,,,,,21.3,214.6,1005.8,0,3,236.7,20.6,8,,2016-10-12T06:20:11,2016-10-12T17:54:31,0.41,Clear,Clear conditions throughout the day.,clear-day,"42182099999,VIDP,42139099999,42181099999,VIDD"
new delhi,2016-10-13,35,21.4,27.8,35.5,21.4,27.9,15.4,48.4,0,0,0,,,,,22,192.5,1007.7,0,3.6,247.6,21.5,9,,2016-10-13T06:20:46,2016-10-13T17:53:27,0.45,Clear,Clear conditions throughout the day.,clear-day,"42182099999,VIDP,42139099999,42181099999,VIDD"
new delhi,2016-10-14,35,20.4,27.5,36,20.4,27.6,15.9,51.5,0,0,0,,,,,17.8,220.4,1008.8,0,3.6,234.8,20.3,8,,2016-10-14T06:21:21,2016-10-14T17:52:23,0.48,Clear,Clear conditions throughout the day.,clear-day,"42182099999,VIDP,42139099999,42181099999,VIDD"
new delhi,2016-10-15,33.2,19,26.4,34.1,19,26.7,15.8,53.8,0,0,0,,,,40.7,11.8,167.7,1010.2,1.5,2.8,228.2,19.7,8,,2016-10-15T06:21:57,2016-10-15T17:51:20,0.5,Clear,Clear conditions throughout the day.,clear-day,"42182099999,VIDP,42139099999,42181099999,VIDD"
new delhi,2016-10-16,34,19,26.7,34.3,19,26.7,15.3,52.1,0,0,0,,,,,17.3,144.8,1011.1,0,3.1,226.7,19.7,8,,2016-10-16T06:22:33,2016-10-16T17:50:18,0.5,Clear,Clear conditions throughout the day.,clear-day,"42182099999,VIDP,42139099999,42181099999,VIDD"
new delhi,2016-10-17,34,20.2,26.3,33.7,20.2,26.2,14.8,52.1,0,0,0,,,,,18.4,161.6,1010.1,0,2.8,216.3,18.6,8,,2016-10-17T06:23:10,2016-10-17T17:49:17,0.52,Clear,Clear conditions throughout the day.,clear-day,"42182099999,VIDP,42139099999,42181099999,VIDD"
new delhi,2016-10-18,34,19,26.2,33.7,19,26.1,15.1,53,0,0,0,,,,,19.8,185.9,1009,0,2.8,224.4,19.4,8,,2016-10-18T06:23:47,2016-10-18T17:48:16,0.54,Clear,Clear conditions throughout the day.,clear-day,"42182099999,VIDP,42139099999,42181099999,VIDD"
new delhi,2016-10-19,34.8,18,26.6,34.9,18,26.5,15.2,52.6,0,0,0,,,,,10.8,156.4,1008,0,3,220.6,19,7,,2016-10-19T06:24:25,2016-10-19T17:47:16,0.58,Clear,Clear conditions throughout the day.,clear-day,"42182099999,VIDP,42139099999,42181099999,VIDD"
new delhi,2016-10-20,34.1,19.8,26.6,34.5,19.8,26.5,14.4,49.7,0,0,0,,,,,19.5,134.5,1006.9,0,2.8,230.9,19.7,8,,2016-10-20T06:25:03,2016-10-20T17:46:17,0.63,Clear,Clear conditions throughout the day.,clear-day,"42182099999,VIDP,42139099999,42181099999,VIDD"
new delhi,2016-10-21,34.7,21,27.2,35.4,21,27.2,14.7,48.4,0,0,0,,,,,25.5,180.5,1007.9,0,3.4,217.6,18.7,8,,2016-10-21T06:25:41,2016-10-21T17:45:19,0.68,Clear,Clear conditions throughout the day.,clear-day,"42182099999,VIDP,42139099999,42181099999,VIDD"
new delhi,2016-10-22,34.6,21,27.1,35.9,21,27.4,15.8,51.6,0,0,0,,,,33.5,23.1,189.2,1008.9,0,3.2,218.5,18.8,8,,2016-10-22T06:26:20,2016-10-22T17:44:22,0.74,Clear,Clear conditions throughout the day.,clear-day,"42182099999,VIDP,42139099999,42181099999,VIDD"
new delhi,2016-10-23,33,19,25.9,33.7,19,26,15.6,55.4,0,0,0,,,,,18.4,247.7,1008.6,0,2.5,205.6,17.8,7,,2016-10-23T06:26:59,2016-10-23T17:43:26,0.79,Clear,Clear conditions throughout the day.,clear-day,"42182099999,VIDP,42139099999,42181099999,VIDD"
new delhi,2016-10-24,34.8,20,26.1,35.7,20,26.2,14.9,52.3,0,0,0,,,,,23.3,221.9,1007.8,0,2.8,212.2,18.4,7,,2016-10-24T06:27:39,2016-10-24T17:42:31,0.84,Clear,Clear conditions throughout the day.,clear-day,"42182099999,VIDP,42139099999,42181099999,VIDD"
new delhi,2016-10-25,32.8,20.7,26.3,34.9,20.7,26.7,16,54.3,0,0,0,,,,33.5,24.6,176.5,1008.3,4.7,3,213.3,18.3,8,,2016-10-25T06:28:19,2016-10-25T17:41:37,0.89,Clear,Clear conditions throughout the day.,clear-day,"42182099999,VIDP,42139099999,42181099999,VIDD"
new delhi,2016-10-26,33.1,19,25.3,33.6,19,25.4,16.2,60,0,0,0,,,,,14.4,141,1011.2,0,2.5,199,17.3,7,,2016-10-26T06:28:59,2016-10-26T17:40:43,0.93,Clear,Clear conditions throughout the day.,clear-day,"42182099999,VIDP,42139099999,42181099999,VIDD"
new delhi,2016-10-27,32.1,18.2,24.6,32.4,18.2,24.8,16,61.1,0,0,0,,,,,13.3,171.3,1014.2,0,1.5,198.9,17.2,7,,2016-10-27T06:29:40,2016-10-27T17:39:51,0.96,Clear,Clear conditions throughout the day.,clear-day,"42182099999,VIDP,42139099999,42181099999,VIDD"
new delhi,2016-10-28,31.7,16,23.9,31.6,16,24,14.7,58.5,0,0,0,,,,,13.1,142.6,1012.4,0,1.6,189.6,16.4,7,,2016-10-28T06:30:22,2016-10-28T17:39:00,0.98,Clear,Clear conditions throughout the day.,clear-day,"42182099999,VIDP,42139099999,42181099999,VIDD"
new delhi,2016-10-29,32.2,16.2,23.9,33.4,16.2,24.1,15.6,61.9,0,0,0,,,,,9.4,84.3,1012.6,0,1.2,185.9,16.2,7,,2016-10-29T06:31:03,2016-10-29T17:38:11,1,Clear,Clear conditions throughout the day.,clear-day,"42182099999,VIDP,42139099999,42181099999,VIDD"
new delhi,2016-10-30,31.8,17.3,23.4,33.4,17.3,23.9,17,69.1,0,0,0,,,,,6.3,35.7,1014.5,18.2,1.3,136.5,11.9,6,,2016-10-30T06:31:46,2016-10-30T17:37:22,1,Clear,Clear conditions throughout the day.,clear-day,"42182099999,VIDP,42139099999,42181099999,VIDD"
new delhi,2016-10-31,30.8,17,22.8,31.3,17,23,16.4,69.4,0,0,0,,,,,6,36.6,1017.3,0,1.1,166.9,14.4,6,,2016-10-31T06:32:28,2016-10-31T17:36:34,0,Clear,Clear conditions throughout the day.,clear-day,"42182099999,VIDP,42139099999,42181099999,VIDD"
new delhi,2016-11-01,30.1,15.2,22.4,29.9,15.2,22.3,14.8,65.5,0,0,0,,,,,7.6,136.4,1016.2,0,1.2,150.5,13,6,,2016-11-01T06:33:12,2016-11-01T17:35:48,0.01,Clear,Clear conditions throughout the day.,clear-day,"42182099999,VIDP,42139099999,42181099999,VIDD"
new delhi,2016-11-02,29.8,17,22.3,29.9,17,22.3,16.3,70.4,0,0,0,,,,,7.6,89.6,1015.8,0,0.3,158.7,13.7,6,,2016-11-02T06:33:55,2016-11-02T17:35:03,0.03,Clear,Clear conditions throughout the day.,fog,"42182099999,VIDP,42139099999,42181099999,VIDD"
new delhi,2016-11-03,31.5,16.3,22.6,31,16.3,22.6,16.1,70.5,0,0,0,,,,,6.1,58.5,1016,11.2,0.7,188.4,16.2,7,,2016-11-03T06:34:39,2016-11-03T17:34:19,0.06,Clear,Clear conditions throughout the day.,fog,"42182099999,VIDP,42139099999,42181099999,VIDD"
new delhi,2016-11-04,30.8,15.3,22.7,30.7,15.3,22.6,15.4,66.9,0,0,0,,,,,15.3,112.3,1012.9,1.1,1,179.2,15.4,7,,2016-11-04T06:35:23,2016-11-04T17:33:36,0.1,Clear,Clear conditions throughout the day.,clear-day,"42182099999,VIDP,42139099999,42181099999,VIDD"
new delhi,2016-11-05,29,16.2,21.6,28.8,16.2,21.6,15.8,71.8,0,0,0,,,,,13,117.6,1010.3,0,0.1,137.5,11.8,6,,2016-11-05T06:36:08,2016-11-05T17:32:55,0.14,Clear,Clear conditions throughout the day.,fog,"42182099999,VIDP,42139099999,42181099999,VIDD"
new delhi,2016-11-06,30,15.3,21.2,29.1,15.3,21.1,15.1,71.6,0,0,0,,,,,9.2,90,1011.3,3.4,0.1,154.1,13.2,6,,2016-11-06T06:36:53,2016-11-06T17:32:15,0.18,Clear,Clear conditions throughout the day.,fog,"42182099999,VIDP,42139099999,42181099999,VIDD"
new delhi,2016-11-07,29,15.2,21.4,28.3,15.2,21.3,13.7,65.2,0,0,0,,,,,17.8,198.9,1012.5,0,0.7,175.3,14.9,6,,2016-11-07T06:37:39,2016-11-07T17:31:36,0.23,Clear,Clear conditions throughout the day.,fog,"42182099999,VIDP,42139099999,42181099999,VIDD"
new delhi,2016-11-08,29.1,16,21.5,28.2,16,21.4,12.4,58.6,0,0,0,,,,,22,272.1,1013.3,0,1,171.4,14.7,6,,2016-11-08T06:38:24,2016-11-08T17:30:59,0.28,Clear,Clear conditions throughout the day.,clear-day,"42182099999,VIDP,42139099999,42181099999,VIDD"
new delhi,2016-11-09,30,14,20.4,28.7,14,20.2,10.5,56.2,0,0,0,,,,,14.2,154.7,1014.2,0,1,170.3,14.6,6,,2016-11-09T06:39:10,2016-11-09T17:30:23,0.34,Clear,Clear conditions throughout the day.,clear-day,"42182099999,VIDP,42139099999,42181099999,VIDD"
new delhi,2016-11-10,30.2,13.2,21,29.2,13.2,20.8,10.8,55,0,0,0,,,,,7.9,99.5,1013.7,0,1,194.6,16.8,7,,2016-11-10T06:39:57,2016-11-10T17:29:49,0.39,Clear,Clear conditions throughout the day.,clear-day,"42182099999,VIDP,42139099999,42181099999,VIDD"
new delhi,2016-11-11,30,13.5,21.1,29.2,13.5,21,11.9,58.6,0,0,0,,,,,9.5,64.7,1013.9,0,1.1,173,14.9,6,,2016-11-11T06:40:43,2016-11-11T17:29:16,0.43,Clear,Clear conditions throughout the day.,clear-day,"42182099999,VIDP,42139099999,42181099999,VIDD"
new delhi,2016-11-12,29.9,13.3,21.3,29.3,13.3,21.1,13,62.7,0,0,0,,,,,11.2,82.8,1015,3.1,1.2,168.2,14.5,6,,2016-11-12T06:41:30,2016-11-12T17:28:44,0.47,Clear,Clear conditions throughout the day.,clear-day,"42182099999,VIDP,42139099999,42181099999,VIDD"
new delhi,2016-11-13,30,15.3,22.4,29.1,15.3,22.3,12.9,57.4,0,0,0,,,,,10.9,116.9,1016.2,17.9,1.5,157.7,13.6,6,,2016-11-13T06:42:18,2016-11-13T17:28:14,0.49,Clear,Clear conditions throughout the day.,clear-day,"42182099999,VIDP,42139099999,42181099999,VIDD"
new delhi,2016-11-14,29,15.2,21.6,28.8,15.2,21.5,13.1,61.2,0,0,0,,,,,9.4,95.8,1015.6,6.7,1.6,156.6,13.5,6,,2016-11-14T06:43:05,2016-11-14T17:27:46,0.5,Clear,Clear conditions throughout the day.,clear-day,"42182099999,VIDP,42139099999,42181099999,VIDD"
new delhi,2016-11-15,28.7,14,20,27.9,14,19.9,11.4,60.3,0,0,0,,,,,9.9,156.1,1016,2.1,1.6,151.8,13.1,6,,2016-11-15T06:43:53,2016-11-15T17:27:19,0.51,Clear,Clear conditions throughout the day.,clear-day,"42182099999,VIDP,42139099999,42181099999,VIDD"
new delhi,2016-11-16,27,12.5,19,26.7,12.5,18.9,10.4,60.4,0,0,0,,,,,16.3,188.1,1017.4,0,1.6,158.3,13.6,6,,2016-11-16T06:44:40,2016-11-16T17:26:53,0.53,Clear,Clear conditions throughout the day.,clear-day,"42182099999,VIDP,42139099999,42181099999,VIDD"
new delhi,2016-11-17,27.6,12,19.3,27,12,19.3,10,57.1,0,0,0,,,,,23.2,236.6,1016.7,0,1.5,159.4,13.8,6,,2016-11-17T06:45:28,2016-11-17T17:26:29,0.56,Clear,Clear conditions throughout the day.,clear-day,"42182099999,VIDP,42139099999,42181099999,VIDD"
new delhi,2016-11-18,27.8,12.8,19.1,27.4,12.8,19.1,10.1,57.9,0,0,0,,,,,12.1,198.9,1014.7,0,1.6,158.6,13.7,6,,2016-11-18T06:46:16,2016-11-18T17:26:07,0.61,Clear,Clear conditions throughout the day.,clear-day,"42182099999,VIDP,42139099999,42181099999,VIDD"
new delhi,2016-11-19,28,12.3,19.2,27.3,12.3,19.1,10.8,61.6,0,0,0,,,,,9.4,101.8,1012.6,0,1.6,170.2,14.5,6,,2016-11-19T06:47:05,2016-11-19T17:25:46,0.66,Clear,Clear conditions throughout the day.,clear-day,"42182099999,VIDP,42139099999,42181099999,VIDD"
new delhi,2016-11-20,29,12.3,20,28.5,12.3,19.9,11.5,60.8,0,0,0,,,,,9.4,61.9,1013.5,0,1.5,164.7,14.1,6,,2016-11-20T06:47:53,2016-11-20T17:25:27,0.71,Clear,Clear conditions throughout the day.,clear-day,"42182099999,VIDP,42139099999,42181099999,VIDD"
new delhi,2016-11-21,30.1,12.7,20.9,29,12.7,20.7,11.4,58.8,0,0,0,,,,,10.6,81,1013.5,0,1.4,174.4,15.1,7,,2016-11-21T06:48:41,2016-11-21T17:25:09,0.76,Clear,Clear conditions throughout the day.,clear-day,"42182099999,VIDP,42139099999,42181099999,VIDD"
new delhi,2016-11-22,30.1,12.2,20.7,29.1,12.2,20.5,10.7,56.2,0,0,0,,,,,14.8,198.2,1012.4,0,2.2,179.8,15.6,7,,2016-11-22T06:49:29,2016-11-22T17:24:53,0.81,Clear,Clear conditions throughout the day.,clear-day,"42182099999,VIDP,42139099999,42181099999,VIDD"
new delhi,2016-11-23,28.6,13,20,27.9,13,19.9,11.1,59.5,0,0,0,,,,,15.1,151.7,1013.1,7.5,2.1,170,14.7,7,,2016-11-23T06:50:17,2016-11-23T17:24:39,0.86,Clear,Clear conditions throughout the day.,clear-day,"42182099999,VIDP,42139099999,42181099999,VIDD"
new delhi,2016-11-24,28,12.2,19.3,27.1,12.2,19.2,9.9,58.1,0,0,0,,,,,17.1,231.3,1015.4,0,1.6,162.5,13.9,6,,2016-11-24T06:51:06,2016-11-24T17:24:26,0.9,Clear,Clear conditions throughout the day.,clear-day,"42182099999,VIDP,42139099999,42181099999,VIDD"
new delhi,2016-11-25,29,12,20.7,27.5,12,20.4,6.6,43.2,0,0,0,,,,33.5,23.1,275.4,1013.9,1.7,2.4,178.2,15.3,7,,2016-11-25T06:51:54,2016-11-25T17:24:15,0.94,Clear,Clear conditions throughout the day.,clear-day,"42182099999,VIDP,42139099999,42181099999,VIDD"
new delhi,2016-11-26,30.8,16,21.9,29.1,16,21.6,7.4,40.9,0,0,0,,,,,18.4,285.5,1012.8,0,2.7,179.2,15.5,7,,2016-11-26T06:52:41,2016-11-26T17:24:06,0.97,Clear,Clear conditions throughout the day.,clear-day,"42182099999,VIDP,42139099999,42181099999,VIDD"
new delhi,2016-11-27,29,13,20.8,27.5,13,20.6,7.3,45.2,0,0,0,,,,33.5,18.4,273.5,1013.2,1.7,3,173.1,15,7,,2016-11-27T06:53:29,2016-11-27T17:23:58,0.99,Clear,Clear conditions throughout the day.,clear-day,"42182099999,VIDP,42139099999,42181099999,VIDD"
new delhi,2016-11-28,28.8,12,20,27.4,12,19.8,6.6,44.1,0,0,0,,,,,19.2,224.6,1012.8,1.5,2.6,179.3,15.5,7,,2016-11-28T06:54:16,2016-11-28T17:23:52,1,Clear,Clear conditions throughout the day.,clear-day,"42182099999,VIDP,42139099999,42181099999,VIDD,42183099999"
new delhi,2016-11-29,27.9,11.3,19.1,27.2,11.3,19,9.3,55.8,0,0,0,,,,,5.5,125.6,1015,1.5,1.9,170.9,14.5,6,,2016-11-29T06:55:04,2016-11-29T17:23:47,1,Clear,Clear conditions throughout the day.,clear-day,"42182099999,VIDP,42139099999,42181099999,VIDD"
new delhi,2016-11-30,25.8,12.8,18.5,25.8,12.8,18.5,14.8,80,0,0,0,,,,,9.1,84.6,1016.4,4,0.8,151.1,13.1,6,,2016-11-30T06:55:51,2016-11-30T17:23:44,0,Clear,Clear conditions throughout the day.,fog,"42182099999,VIDP,42139099999,42181099999,VIDD"
new delhi,2016-12-01,25.1,13.3,18.7,25.1,13.3,18.7,15.3,82.6,0,0,0,,,,,9.2,45.3,1016.8,11.7,0.7,137.1,11.9,5,,2016-12-01T06:56:37,2016-12-01T17:23:43,0.02,Clear,Clear conditions throughout the day.,fog,"42182099999,VIDP,42139099999,42181099999,VIDD,remote"
new delhi,2016-12-02,23.8,12,17.6,23.8,12,17.6,14.9,85.2,0,0,0,,,,,10.9,189.1,1017.8,12.1,0.6,137.1,11.8,5,,2016-12-02T06:57:23,2016-12-02T17:23:44,0.04,Clear,Clear conditions throughout the day.,fog,"42182099999,VIDP,42139099999,42181099999,VIDD"
new delhi,2016-12-03,26.8,11,17.6,26.3,11,17.6,10.7,68.8,0,0,0,,,,,10.9,162.1,1019.1,8.3,1.5,158,13.7,6,,2016-12-03T06:58:09,2016-12-03T17:23:46,0.07,Clear,Clear conditions throughout the day.,clear-day,"42182099999,VIDP,42139099999,42181099999,VIDD"
new delhi,2016-12-04,26,10,17.2,26,10,17.2,8.8,62.4,0,0,0,,,,,11.5,131.8,1019.7,0,1.9,157.7,13.6,6,,2016-12-04T06:58:54,2016-12-04T17:23:49,0.11,Clear,Clear conditions throughout the day.,clear-day,"42182099999,VIDP,42139099999,42181099999,VIDD"
new delhi,2016-12-05,26,10.2,17.5,26,10.2,17.5,9,61,0,0,0,,,,,13,151.7,1017.5,0,1.9,159.4,13.8,6,,2016-12-05T06:59:39,2016-12-05T17:23:55,0.15,Clear,Clear conditions throughout the day.,clear-day,"42182099999,VIDP,42139099999,42181099999,VIDD"
new delhi,2016-12-06,25.2,10.3,17,25.2,10.3,17,12.2,75.5,0,0,0,,,,,7.6,57.5,1018.1,0,1,150,13.1,6,,2016-12-06T07:00:23,2016-12-06T17:24:02,0.2,Clear,Clear conditions throughout the day.,clear-day,"42182099999,VIDP,42139099999,42181099999,VIDD"
new delhi,2016-12-07,23.8,11,16.4,23.8,11,16.4,13.4,85,0,0,0,,,,,7.6,66.2,1017.5,15.4,0.5,138,12,5,,2016-12-07T07:01:07,2016-12-07T17:24:10,0.26,Clear,Clear conditions throughout the day.,fog,"42182099999,VIDP,42139099999,42181099999,VIDD"
new delhi,2016-12-08,23.8,9.2,15.7,23.8,9.2,15.7,12,80.7,0,0,0,,,,,7.6,53,1016.2,0,0.8,148.8,12.8,6,,2016-12-08T07:01:49,2016-12-08T17:24:20,0.31,Clear,Clear conditions throughout the day.,fog,"42182099999,VIDP,42139099999,42181099999,VIDD"
new delhi,2016-12-09,26.8,9.2,17.2,27.1,9.2,17.2,12.4,76.5,0,0,0,,,,,9.4,63.6,1013.7,0,0.9,148.4,12.6,6,,2016-12-09T07:02:32,2016-12-09T17:24:32,0.37,Clear,Clear conditions throughout the day.,fog,"42182099999,VIDP,42139099999,42181099999,VIDD"
new delhi,2016-12-10,23,12,16.1,23,12,16.1,13.4,85.2,0,0,0,,,,,11.2,111.5,1013.9,1.7,0.8,148.3,12.8,6,,2016-12-10T07:03:13,2016-12-10T17:24:46,0.41,Clear,Clear conditions throughout the day.,fog,"42182099999,VIDP,42139099999,42181099999,VIDD"
new delhi,2016-12-11,26.2,13,18.2,26.2,13,18.2,14.1,79.4,0,0,0,,,,,11.2,140.9,1013.4,9.2,1,152.3,13.3,6,,2016-12-11T07:03:54,2016-12-11T17:25:00,0.45,Clear,Clear conditions throughout the day.,clear-day,"42182099999,VIDP,42139099999,42181099999,VIDD"
new delhi,2016-12-12,26.8,12.3,18.5,26.4,12.3,18.5,11.7,69.5,0,0,0,,,,,11.8,118.6,1014,2.1,1.5,146,12.7,6,,2016-12-12T07:04:34,2016-12-12T17:25:17,0.48,Clear,Clear conditions throughout the day.,clear-day,"42182099999,VIDP,42139099999,42181099999,VIDD"
new delhi,2016-12-13,26.1,11.2,18,26.1,11.2,18,10.7,66,0,0,0,,,,,9.7,135.9,1014.9,17.3,1.6,140.3,12.1,6,,2016-12-13T07:05:13,2016-12-13T17:25:35,0.5,Clear,Clear conditions throughout the day.,clear-day,"42182099999,VIDP,42139099999,42181099999,VIDD"
new delhi,2016-12-14,23.8,11,16.5,23.8,11,16.5,10.1,70.1,0,0,0,,,,,14,279.8,1017.2,0,1.7,153.7,13.2,6,,2016-12-14T07:05:51,2016-12-14T17:25:54,0.5,Clear,Clear conditions throughout the day.,clear-day,"42182099999,VIDP,42139099999,42181099999,VIDD,remote"
new delhi,2016-12-15,24,10,15.9,24,9.6,15.9,8.5,66,0,0,0,,,,29.5,20.4,219.3,1016.9,1.4,1.8,161.2,13.9,6,,2016-12-15T07:06:28,2016-12-15T17:26:15,0.52,Clear,Clear conditions throughout the day.,clear-day,"42182099999,VIDP,42139099999,42181099999,VIDD,remote"
new delhi,2016-12-16,23.8,8,15.3,23.8,8,15.3,8,65.9,0,0,0,,,,,11.2,108,1018.4,7.9,1.8,155.7,13.4,6,,2016-12-16T07:07:05,2016-12-16T17:26:37,0.54,Clear,Clear conditions throughout the day.,clear-day,"42182099999,VIDP,42139099999,42181099999,VIDD"
new delhi,2016-12-17,21.8,9,14.6,21.8,7.6,14.5,10,76.7,0,0,0,,,,,12.7,159.2,1017.8,13.2,1.1,123.9,10.6,5,,2016-12-17T07:07:40,2016-12-17T17:27:01,0.58,Clear,Clear conditions throughout the day.,clear-day,"42182099999,VIDP,42139099999,42181099999,VIDD"
new delhi,2016-12-18,22.8,8,14.4,22.8,7.9,14.4,8.9,72.4,0,0,0,,,,,10.9,170.8,1018.1,4.3,1.1,147.2,12.6,6,,2016-12-18T07:08:14,2016-12-18T17:27:26,0.63,Clear,Clear conditions throughout the day.,clear-day,"42182099999,VIDP,42139099999,42181099999,VIDD"
new delhi,2016-12-19,22.8,7.2,14.7,22.8,6.8,14.6,9,71.9,0,0,0,,,,,19.5,239.8,1017.6,0,1,145.3,12.4,6,,2016-12-19T07:08:47,2016-12-19T17:27:53,0.68,Clear,Clear conditions throughout the day.,clear-day,"42182099999,VIDP,42139099999,42181099999,VIDD"
new delhi,2016-12-20,24,9,16.2,24,7.6,16,9.3,66.6,0,0,0,,,,,24,272.5,1015.9,0,1.6,153.2,13.2,6,,2016-12-20T07:09:19,2016-12-20T17:28:21,0.73,Clear,Clear conditions throughout the day.,clear-day,"42182099999,VIDP,42139099999,42181099999,VIDD"
new delhi,2016-12-21,25,10,16.5,25,9.1,16.4,8.3,62.4,0,0,0,,,,,21.5,260.4,1015.7,0,2.2,172,14.8,7,,2016-12-21T07:09:50,2016-12-21T17:28:50,0.78,Clear,Clear conditions throughout the day.,clear-day,"42182099999,VIDP,42139099999,42181099999,VIDD"
new delhi,2016-12-22,24,8.2,15.5,24,8.2,15.4,7.8,64,0,0,0,,,,,14.7,223.2,1016.2,0,1.9,163.9,14.2,6,,2016-12-22T07:10:20,2016-12-22T17:29:20,0.82,Clear,Clear conditions throughout the day.,clear-day,"42182099999,VIDP,42139099999,42181099999,VIDD"
new delhi,2016-12-23,24.8,8.2,15.3,24.8,8.2,15.3,10.8,77.4,0,0,0,,,,,9.4,99.5,1014.2,0,0.7,161.3,13.9,6,,2016-12-23T07:10:48,2016-12-23T17:29:52,0.87,Clear,Clear conditions throughout the day.,fog,"42182099999,VIDP,42139099999,42181099999,VIDD"
new delhi,2016-12-24,24.7,8.3,16,24.7,8.3,15.9,12.4,81,0,0,0,,,,,13.3,72.9,1011.6,0,0.7,144.8,12.7,6,,2016-12-24T07:11:15,2016-12-24T17:30:25,0.91,Clear,Clear conditions throughout the day.,fog,"42182099999,VIDP,42139099999,42181099999,VIDD"
new delhi,2016-12-25,16,12.2,14.4,16,12.2,14.4,13.1,92,0,0,0,,,,,14.8,223.5,1014,19.1,0.9,133.9,11.5,5,,2016-12-25T07:11:41,2016-12-25T17:30:59,0.94,Clear,Clear conditions throughout the day.,fog,"42182099999,VIDP,42139099999,42181099999,VIDD"
new delhi,2016-12-26,22.6,10,15,22.6,9.1,14.9,11.7,82.7,0,0,0,,,,,15.6,276.3,1017,15.5,1,147.8,12.8,6,,2016-12-26T07:12:05,2016-12-26T17:31:34,0.97,Clear,Clear conditions throughout the day.,clear-day,"42182099999,VIDP,42139099999,42181099999,VIDD"
new delhi,2016-12-27,23,8,14.8,23,7.9,14.7,9.7,75.1,0,0,0,,,,,17.1,211,1017.4,6.6,1,156.7,13.4,6,,2016-12-27T07:12:29,2016-12-27T17:32:11,0.99,Clear,Clear conditions throughout the day.,clear-day,"42182099999,VIDP,42139099999,42181099999,VIDD"
new delhi,2016-12-28,24.8,8.3,15.7,24.8,8.3,15.7,9.5,71,0,0,0,,,,,11.2,123,1016.1,15.2,1.3,156.3,13.5,6,,2016-12-28T07:12:50,2016-12-28T17:32:48,1,Clear,Clear conditions throughout the day.,clear-day,"42182099999,VIDP,42139099999,42181099999,VIDD"
new delhi,2016-12-29,21.1,9.1,14.4,21.1,8.3,14.3,11.9,86.1,0,0,0,,,,,13,91.9,1016.3,6.2,0.9,133.7,11.6,6,,2016-12-29T07:13:11,2016-12-29T17:33:26,0,Clear,Clear conditions throughout the day.,fog,"42182099999,VIDP,42139099999,42181099999,VIDD"
new delhi,2016-12-30,18.2,10.8,13.3,18.2,10.8,13.3,11.5,89.2,0,0,0,,,,,13,109.3,1017.9,17.2,0.7,127.9,11.1,5,,2016-12-30T07:13:30,2016-12-30T17:34:06,0.01,Clear,Clear conditions throughout the day.,fog,"42182099999,VIDP,42139099999,42181099999,VIDD"
new delhi,2016-12-31,20.2,9,13.5,20.2,7.6,13.4,11.7,89.8,0,0,0,,,,,11.5,94.1,1016.8,24.9,0.6,91.5,7.8,4,,2016-12-31T07:13:47,2016-12-31T17:34:46,0.02,Partially cloudy,Partly cloudy throughout the day.,fog,"42182099999,VIDP,42139099999,42181099999,VIDD"
new delhi,2017-01-01,22.2,9.3,15.6,22.2,9.3,15.6,12.7,84.9,0,0,0,,,,,16.6,52.5,1016.6,1,1.2,127.2,10.9,5,,2017-01-01T07:14:02,2017-01-01T17:35:26,0.05,Clear,Clear conditions throughout the day.,clear-day,"42182099999,VIDP,42139099999,42181099999,VIDD"
new delhi,2017-01-02,23.7,11,16.2,23.7,11,16.2,13.2,84.2,0,0,0,,,,,9.2,130.9,1018.4,5.8,1,139.1,12.2,5,,2017-01-02T07:14:16,2017-01-02T17:36:08,0.09,Clear,Clear conditions throughout the day.,clear-day,"42182099999,VIDP,42139099999,42181099999,VIDD"
new delhi,2017-01-03,23.5,10.8,15.6,23.5,10.8,15.6,12.9,85.7,0,0,0,,,,,9.4,221.8,1018.5,22.7,0.8,152.5,13.3,6,,2017-01-03T07:14:29,2017-01-03T17:36:51,0.13,Partially cloudy,Partly cloudy throughout the day.,fog,"42182099999,VIDP,42139099999,42181099999,VIDD"
new delhi,2017-01-04,24.8,10.2,16.8,24.8,10.2,16.8,12.4,78.3,0,0,0,,,,,11.2,84.5,1016.1,0,1.2,148.8,12.6,6,,2017-01-04T07:14:41,2017-01-04T17:37:35,0.18,Clear,Clear conditions throughout the day.,clear-day,"42182099999,VIDP,42139099999,42181099999,VIDD"
new delhi,2017-01-05,24.9,11.2,17.1,24.9,11.2,17.1,13.2,80,0,0,0,,,,,9.4,133.8,1014.3,0,1.5,149.7,12.9,6,,2017-01-05T07:14:51,2017-01-05T17:38:19,0.23,Clear,Clear conditions throughout the day.,clear-day,"42182099999,VIDP,42139099999,42181099999,VIDD"
new delhi,2017-01-06,24,13.2,18,24,13.2,18,14.8,83.1,0,0,0,,,,,14.2,121,1012,10.7,1.5,150.4,13.1,6,,2017-01-06T07:14:59,2017-01-06T17:39:04,0.28,Clear,Clear conditions throughout the day.,clear-day,"42182099999,VIDP,42139099999,42181099999,VIDD"
new delhi,2017-01-07,16,13,14.6,16,13,14.6,13.8,95.5,2,100,4.17,rain,,,,21.3,109.5,1011.7,70.8,1,125.6,10.9,6,,2017-01-07T07:15:06,2017-01-07T17:39:50,0.35,"Rain, Partially cloudy",Partly cloudy throughout the day with early morning rain.,rain,"42182099999,VIDP,42139099999,42181099999,VIDD"
new delhi,2017-01-08,20.2,11.7,14.8,20.2,11.7,14.8,12.6,87.4,0,0,0,,,,,7.7,159.3,1015.2,34.7,1.2,154,13.3,6,,2017-01-08T07:15:11,2017-01-08T17:40:36,0.4,Partially cloudy,Partly cloudy throughout the day.,partly-cloudy-day,"42182099999,VIDP,42139099999,42181099999,VIDD"
new delhi,2017-01-09,18.8,9.9,13.5,18.8,9.9,13.5,10.9,85.5,0,0,0,,,,,12.4,246,1016,18.5,1.1,164.5,14.3,6,,2017-01-09T07:15:15,2017-01-09T17:41:23,0.44,Clear,Clear conditions throughout the day.,clear-day,"42182099999,VIDP,42139099999,42181099999,VIDD"
new delhi,2017-01-10,17.7,6,11.5,17.7,6,11.3,5.6,72.2,0,0,0,,,,,21.1,279.3,1016.9,0,2.3,179.9,15.6,7,,2017-01-10T07:15:17,2017-01-10T17:42:10,0.47,Clear,Clear conditions throughout the day.,clear-day,"42182099999,VIDP,42139099999,42181099999,VIDD"
new delhi,2017-01-11,16.9,5.1,10.4,16.9,2.5,10,4.9,70.4,0,0,0,,,,27.7,20.1,242.7,1017.2,6,1.9,176.5,15.3,7,,2017-01-11T07:15:17,2017-01-11T17:42:58,0.49,Clear,Clear conditions throughout the day.,clear-day,"42182099999,VIDP,42139099999,42181099999,VIDD"
new delhi,2017-01-12,18,4.2,10.6,18,4.2,10.5,6.1,76,0,0,0,,,,,15.1,164.1,1016.8,0.2,1.5,159.6,13.7,6,,2017-01-12T07:15:16,2017-01-12T17:43:46,0.5,Clear,Clear conditions throughout the day.,clear-day,"42182099999,VIDP,42139099999,42181099999,VIDD"
new delhi,2017-01-13,19,5.2,11.5,19,5.2,11.4,6.1,72.8,0,0,0,,,,,14.2,147.5,1017.6,0,1.4,161.2,13.8,6,,2017-01-13T07:15:13,2017-01-13T17:44:35,0.51,Clear,Clear conditions throughout the day.,clear-day,"42182099999,VIDP,42139099999,42181099999,VIDD"
new delhi,2017-01-14,18.9,4.3,11.8,18.9,4.3,11.8,7.2,75.5,0,0,0,,,,,11.3,199.7,1019.2,36.4,1.2,171.2,14.5,7,,2017-01-14T07:15:09,2017-01-14T17:45:24,0.53,Partially cloudy,Partly cloudy throughout the day.,partly-cloudy-day,"42182099999,VIDP,42139099999,42181099999,VIDD"
new delhi,2017-01-15,23.1,9,15.6,23.1,9,15.6,9,67,0,0,0,,,,,7.6,172.4,1018.2,43.7,1.4,169.1,14.5,6,,2017-01-15T07:15:02,2017-01-15T17:46:13,0.56,Partially cloudy,Partly cloudy throughout the day.,partly-cloudy-day,"42182099999,VIDP,42139099999,42181099999,VIDD"
new delhi,2017-01-16,18.7,9.8,13.8,18.7,7.7,13.6,9.3,75.4,0,0,0,,,,,20.5,222.8,1017.2,30.5,1.3,162.2,13.9,6,,2017-01-16T07:14:55,2017-01-16T17:47:03,0.6,Partially cloudy,Partly cloudy throughout the day.,partly-cloudy-day,"42182099999,VIDP,42139099999,42181099999,VIDD"
new delhi,2017-01-17,15,5,10,15,2.1,9.1,8,87.9,0,0,0,,,,,13,251.7,1019,23.1,1,153,13.2,5,,2017-01-17T07:14:46,2017-01-17T17:47:53,0.64,Partially cloudy,Partly cloudy throughout the day.,partly-cloudy-day,"42182099999,VIDP,42139099999,42181099999,VIDD"
new delhi,2017-01-18,19,5,11.4,19,5,11.3,8.1,81.4,0,0,0,,,,,11.7,242.8,1021.9,20,1.2,175.6,15.2,7,,2017-01-18T07:14:35,2017-01-18T17:48:43,0.69,Clear,Partly cloudy throughout the day.,clear-day,"42182099999,VIDP,42139099999,42181099999,VIDD"
new delhi,2017-01-19,20.8,6.8,12.5,20.8,5.2,12.1,8.8,80.3,0,0,0,,,,,15.4,283.8,1023.1,10.5,1.4,185.5,16,7,,2017-01-19T07:14:22,2017-01-19T17:49:33,0.73,Clear,Clear conditions throughout the day.,clear-day,"42182099999,VIDP,42139099999,42181099999,VIDD"
new delhi,2017-01-20,19.8,6,12.1,19.8,4.4,11.6,7.9,78.5,0,0,0,,,,,18.1,266.9,1021.9,25.9,1.3,169.7,14.6,7,,2017-01-20T07:14:08,2017-01-20T17:50:23,0.78,Partially cloudy,Partly cloudy throughout the day.,partly-cloudy-day,"42182099999,VIDP,42139099999,42181099999,VIDD"
new delhi,2017-01-21,19,5,12.7,19,3.3,12.4,8.5,78.1,0,0,0,,,,,13.5,246.9,1021,40,1.1,91.2,7.9,4,,2017-01-21T07:13:52,2017-01-21T17:51:14,0.83,Partially cloudy,Partly cloudy throughout the day.,partly-cloudy-day,"42182099999,VIDP,42139099999,42181099999,VIDD"
new delhi,2017-01-22,23.2,9,15.7,23.2,7.9,15.7,11.7,79.2,0,0,0,,,,,10.6,184.4,1021.3,15.3,1.3,159.2,13.7,6,,2017-01-22T07:13:35,2017-01-22T17:52:04,0.87,Clear,Clear conditions throughout the day.,clear-day,"42182099999,VIDP,42139099999,42181099999,VIDD,remote"
new delhi,2017-01-23,24,9,16.2,24,8.5,16.2,12.7,81.5,0,0,0,,,,,14.4,218,1019.9,5,1.2,167.3,14.4,6,,2017-01-23T07:13:16,2017-01-23T17:52:55,0.91,Clear,Clear conditions throughout the day.,clear-day,"42182099999,VIDP,42139099999,42181099999,VIDD"
new delhi,2017-01-24,25.1,11,17.4,25.1,11,17.4,12,73.8,0,0,0,,,,,9.4,101,1018.5,18.8,1.2,160.7,13.8,6,,2017-01-24T07:12:56,2017-01-24T17:53:45,0.95,Clear,Clear conditions throughout the day.,clear-day,"42182099999,VIDP,42139099999,42181099999,VIDD"
new delhi,2017-01-25,25.9,13.3,19.1,25.9,13.3,19.1,14.5,76,0.1,100,4.17,rain,,,,23.2,84.8,1018.5,53,1.3,97.5,8.4,4,,2017-01-25T07:12:34,2017-01-25T17:54:35,0.97,"Rain, Partially cloudy",Partly cloudy throughout the day with late afternoon rain.,rain,"42182099999,VIDP,42139099999,42181099999,VIDD"
new delhi,2017-01-26,18.2,14,16.4,18.2,14,16.4,15.1,92.2,29.2,100,20.83,rain,,,33.5,21,127.8,1017.7,80.8,1,129.2,11.2,5,,2017-01-26T07:12:11,2017-01-26T17:55:26,0.99,"Rain, Partially cloudy",Partly cloudy throughout the day with rain.,rain,"42182099999,VIDP,42139099999,42181099999,VIDD"
new delhi,2017-01-27,19.7,12,15.1,19.7,12,15.1,12.7,86.1,8.8,100,33.33,rain,,,,20.4,261,1018.1,47.4,1.5,189.1,16.3,7,,2017-01-27T07:11:46,2017-01-27T17:56:16,1,"Rain, Partially cloudy",Partly cloudy throughout the day with a chance of rain throughout the day.,rain,"42182099999,VIDP,42139099999,42181099999,VIDD"
new delhi,2017-01-28,18.8,9.3,13.5,18.8,7.8,13.3,11.4,87.9,0,0,0,,,,,16,278.6,1019.9,28.9,0.8,188.9,16.2,7,,2017-01-28T07:11:19,2017-01-28T17:57:06,0,Partially cloudy,Partly cloudy throughout the day.,fog,"42182099999,VIDP,42139099999,42181099999,VIDD,remote"
new delhi,2017-01-29,21,11,15,21,11,15,12.1,84.2,0,0,0,,,,,17,249.1,1017.4,37.9,1.1,182.1,15.7,7,,2017-01-29T07:10:51,2017-01-29T17:57:56,0.01,Partially cloudy,Partly cloudy throughout the day.,partly-cloudy-day,"42182099999,VIDP,42139099999,42181099999,VIDD"
new delhi,2017-01-30,21.8,10.8,15.4,21.8,10.8,15.4,11.9,81.9,0,0,0,,,,,13.7,136.4,1015.9,15.6,1,181.7,15.7,7,,2017-01-30T07:10:22,2017-01-30T17:58:46,0.03,Clear,Clear conditions throughout the day.,clear-day,"42182099999,VIDP,42139099999,42181099999,VIDD"
new delhi,2017-01-31,23,10,16.5,23,10,16.5,12.3,78.8,0,0,0,,,,,16.3,179.3,1015.4,3.4,1.3,179.7,15.3,7,,2017-01-31T07:09:51,2017-01-31T17:59:35,0.07,Clear,Clear conditions throughout the day.,clear-day,"42182099999,VIDP,42139099999,42181099999,VIDD"
new delhi,2017-02-01,21.8,10,15.5,21.8,10,15.5,11.7,80.8,0,0,0,,,,,16.3,163.3,1017.1,9.5,1.2,197.7,17.1,7,,2017-02-01T07:09:19,2017-02-01T18:00:24,0.11,Clear,Clear conditions throughout the day.,clear-day,"42182099999,VIDP,42139099999,42181099999,VIDD"
new delhi,2017-02-02,23.7,9.3,16.3,23.7,9.3,16.3,10.5,72.5,0,0,0,,,,,9.4,140.3,1019.3,25.3,1.6,188,16.2,7,,2017-02-02T07:08:45,2017-02-02T18:01:13,0.16,Partially cloudy,Partly cloudy throughout the day.,partly-cloudy-day,"42182099999,VIDP,42139099999,42181099999,VIDD"
new delhi,2017-02-03,24.8,10.2,16.8,24.8,10.2,16.8,11.5,73.6,0,0,0,,,,,10,118.9,1017.8,30.9,1.5,190.2,16.5,7,,2017-02-03T07:08:10,2017-02-03T18:02:02,0.21,Partially cloudy,Partly cloudy throughout the day.,partly-cloudy-day,"42182099999,VIDP,42139099999,42181099999,VIDD"
new delhi,2017-02-04,23,13.1,17.9,23,13.1,17.9,14.5,81.2,0,0,0,,,,,18.4,113.5,1014.7,47.6,1.3,157.8,13.8,6,,2017-02-04T07:07:34,2017-02-04T18:02:51,0.27,Partially cloudy,Partly cloudy throughout the day.,partly-cloudy-day,"42182099999,VIDP,42139099999,42181099999,VIDD"
new delhi,2017-02-05,23,16,18.9,23,16,18.9,15,78.9,0,0,0,,,,,24.2,88,1013.8,55.4,1.4,117.6,10.1,5,,2017-02-05T07:06:56,2017-02-05T18:03:39,0.33,Partially cloudy,Partly cloudy throughout the day.,partly-cloudy-day,"42182099999,VIDP,42139099999,42181099999,VIDD"
new delhi,2017-02-06,23.1,12.6,17,23.1,12.6,17,12.4,77.1,0,0,0,,,,27.7,19.9,235.4,1015.9,20.4,1.6,203.4,17.6,7,,2017-02-06T07:06:17,2017-02-06T18:04:27,0.38,Partially cloudy,Partly cloudy throughout the day.,partly-cloudy-day,"42182099999,VIDP,42139099999,42181099999,VIDD"
new delhi,2017-02-07,21.8,9,15,21.8,7.6,14.8,8.6,67.7,0,0,0,,,,27.7,17.4,289,1016.3,21.4,2.7,206.4,18,8,,2017-02-07T07:05:37,2017-02-07T18:05:14,0.42,Partially cloudy,Partly cloudy throughout the day.,partly-cloudy-day,"42182099999,VIDP,42139099999,42181099999,VIDD"
new delhi,2017-02-08,23.8,9.8,16,23.8,9.8,16,9.2,68.1,0,0,0,,,,,17.4,217.6,1015.3,24.8,1.9,186.1,16.2,7,,2017-02-08T07:04:55,2017-02-08T18:06:01,0.46,Partially cloudy,Partly cloudy throughout the day.,partly-cloudy-day,"42182099999,VIDP,42139099999,42181099999,VIDD"
new delhi,2017-02-09,22,10,15.9,22,10,15.9,10,70.7,0,0,0,,,,,23,179,1016.3,1.1,1.9,206.9,17.9,7,,2017-02-09T07:04:12,2017-02-09T18:06:48,0.49,Clear,Clear conditions throughout the day.,clear-day,"42182099999,VIDP,42139099999,42181099999,VIDD"
new delhi,2017-02-10,22.1,9,15.2,22.1,8.5,15.2,9.4,71.1,0,0,0,,,,29.5,20.5,262.3,1015.8,0,2.1,214.5,18.5,8,,2017-02-10T07:03:28,2017-02-10T18:07:35,0.5,Clear,Clear conditions throughout the day.,clear-day,"42182099999,VIDP,42139099999,42181099999,VIDD"
new delhi,2017-02-11,23.8,8,16,23.8,8,15.9,8.3,64.9,0,0,0,,,,,11.8,175.8,1016.6,0,2.3,217.2,18.7,8,,2017-02-11T07:02:43,2017-02-11T18:08:21,0.5,Clear,Clear conditions throughout the day.,clear-day,"42182099999,VIDP,42139099999,42181099999,VIDD"
new delhi,2017-02-12,24.6,9.8,16.5,24.6,9.8,16.5,9.9,67.9,0,0,0,,,,,11.2,118.6,1019.6,0,1.9,207.8,17.9,7,,2017-02-12T07:01:57,2017-02-12T18:09:06,0.52,Clear,Clear conditions throughout the day.,clear-day,"42182099999,VIDP,42139099999,42181099999,VIDD"
new delhi,2017-02-13,24.5,10,16.7,24.5,10,16.7,10.2,68.9,0,0,0,,,,,15.1,182.8,1021.5,5.7,2,214.4,18.5,8,,2017-02-13T07:01:09,2017-02-13T18:09:52,0.53,Clear,Clear conditions throughout the day.,clear-day,"42182099999,VIDP,42139099999,42181099999,VIDD"
new delhi,2017-02-14,24.8,9,17.2,24.8,7.9,17.1,10.1,66.5,0,0,0,,,,,16.9,220.3,1021.4,13.3,1.8,225.8,19.6,8,,2017-02-14T07:00:20,2017-02-14T18:10:37,0.56,Clear,Clear conditions throughout the day.,clear-day,"42182099999,VIDP,42139099999,42181099999,VIDD"
new delhi,2017-02-15,26.8,11,18.2,26.5,11,18.2,10.7,65.4,0,0,0,,,,,16.9,204.2,1020.8,3.3,2.3,215.7,18.4,8,,2017-02-15T06:59:30,2017-02-15T18:11:21,0.61,Clear,Clear conditions throughout the day.,clear-day,"42182099999,VIDP,42139099999,42181099999,VIDD"
new delhi,2017-02-16,26.3,13,19.9,26.3,13,19.9,11.6,62.1,0,0,0,,,,,18.4,251.6,1017.9,27.6,2,166.5,14.2,7,,2017-02-16T06:58:40,2017-02-16T18:12:05,0.65,Partially cloudy,Partly cloudy throughout the day.,partly-cloudy-day,"42182099999,VIDP,42139099999,42181099999,VIDD"
new delhi,2017-02-17,26.8,15,20,27.1,15,20.1,13.7,68.1,0,0,0,,,,,19.2,271.9,1017,39.6,2.1,180.8,15.5,7,,2017-02-17T06:57:48,2017-02-17T18:12:49,0.69,Partially cloudy,Partly cloudy throughout the day.,partly-cloudy-day,"42182099999,VIDP,42139099999,42181099999,VIDD"
new delhi,2017-02-18,29.7,14,21.3,28.9,14,21.2,14.9,70.8,0,0,0,,,,,17.4,204.8,1016.7,27.4,2,213.4,18.5,8,,2017-02-18T06:56:55,2017-02-18T18:13:32,0.74,Partially cloudy,Partly cloudy throughout the day.,partly-cloudy-day,"42182099999,VIDP,42139099999,42181099999,VIDD"
new delhi,2017-02-19,30.8,15.8,22.8,29.8,15.8,22.7,14.8,64.8,0,0,0,,,,,14.7,160.6,1013.3,40.8,2.8,219.1,18.9,8,,2017-02-19T06:56:01,2017-02-19T18:14:15,0.79,Partially cloudy,Partly cloudy throughout the day.,partly-cloudy-day,"42182099999,VIDP,42139099999,42181099999,VIDD"
new delhi,2017-02-20,32,17.5,23.9,30.8,17.5,23.7,14.6,59.4,0,0,0,,,,,12.7,156.6,1006,28.3,2.6,213.9,18.5,8,,2017-02-20T06:55:06,2017-02-20T18:14:58,0.83,Partially cloudy,Partly cloudy throughout the day.,partly-cloudy-day,"42182099999,VIDP,42139099999,42181099999,VIDD"
new delhi,2017-02-21,25,16,20.5,25,16,20.5,15.1,71.8,0,0,0,,,,,21.7,221.8,1007.5,29.7,2.4,219.7,18.9,8,,2017-02-21T06:54:11,2017-02-21T18:15:40,0.88,Partially cloudy,Partly cloudy throughout the day.,partly-cloudy-day,"42182099999,VIDP,42139099999,42181099999,VIDD"
new delhi,2017-02-22,26.8,12.3,20.1,26.3,12.3,20.1,11.2,61.4,0,0,0,,,,,15.4,212.3,1011.9,6.3,2.5,242.8,21.2,8,,2017-02-22T06:53:14,2017-02-22T18:16:21,0.92,Clear,Clear conditions throughout the day.,clear-day,"42182099999,VIDP,42139099999,42181099999,VIDD"
new delhi,2017-02-23,25,11.8,18.7,25,11.8,18.7,6.3,47.6,0,0,0,,,,45.3,28.8,260.2,1014.7,0,3.2,250.7,21.6,9,,2017-02-23T06:52:16,2017-02-23T18:17:03,0.95,Clear,Clear conditions throughout the day.,clear-day,"42182099999,VIDP,42139099999,42181099999,VIDD,42183099999"
new delhi,2017-02-24,25,9,18.6,25,7.6,18.6,6.8,48.4,0,0,0,,,,41.5,22.9,289.7,1016.1,0,3.3,250.3,21.6,9,,2017-02-24T06:51:18,2017-02-24T18:17:43,0.98,Clear,Clear conditions throughout the day.,clear-day,"42182099999,VIDP,42139099999,42181099999,VIDD"
new delhi,2017-02-25,27,11,19.3,26.6,11,19.3,7.7,49.1,0,0,0,,,,53.6,33.7,280.5,1014.4,0,3,245.8,21.5,9,,2017-02-25T06:50:19,2017-02-25T18:18:24,1,Clear,Clear conditions throughout the day.,clear-day,"42182099999,VIDP,42139099999,42181099999,VIDD"
new delhi,2017-02-26,27,11,19.1,26.5,11,19.1,9.7,58,0,0,0,,,,43.4,25.2,270,1012.7,0,2.7,247.4,21.3,8,,2017-02-26T06:49:19,2017-02-26T18:19:04,1,Clear,Clear conditions throughout the day.,clear-day,"42182099999,VIDP,42139099999,42181099999,VIDD"
new delhi,2017-02-27,28.8,11,20.3,27.7,11,20.1,9.5,54,0,0,0,,,,,16,231.4,1014,0,3.1,250.8,21.6,9,,2017-02-27T06:48:19,2017-02-27T18:19:44,0,Clear,Clear conditions throughout the day.,clear-day,"42182099999,VIDP,42139099999,42181099999,VIDD"
new delhi,2017-02-28,32.2,13.9,22.5,30.5,13.9,22.1,11,53.6,0,0,0,,,,,11.5,57.7,1013.8,19.4,2.6,212,18.3,8,,2017-02-28T06:47:17,2017-02-28T18:20:23,0.02,Clear,Clear conditions throughout the day.,clear-day,"42182099999,VIDP,42139099999,42181099999,VIDD"
new delhi,2017-03-01,29.9,19.2,24,29.2,19.2,23.8,12.5,50.2,0,0,0,,,,,14.8,113.1,1012.3,41.8,2.6,201.1,17.3,7,,2017-03-01T06:46:15,2017-03-01T18:21:02,0.05,Partially cloudy,Partly cloudy throughout the day.,partly-cloudy-day,"42182099999,VIDP,42139099999,42181099999,VIDD"
new delhi,2017-03-02,28,16.8,22.4,27.7,16.8,22.4,14.3,61.6,0.1,100,4.17,rain,,,,16.6,199,1012,46.2,2.4,189.1,16.2,8,,2017-03-02T06:45:13,2017-03-02T18:21:41,0.09,"Rain, Partially cloudy",Partly cloudy throughout the day with morning rain.,rain,"42182099999,VIDP,42139099999,42181099999,VIDD"
new delhi,2017-03-03,27,13.3,21,26.1,13.3,20.9,8.3,48,0,0,0,,,,29.5,20.3,286.5,1010.9,32.8,3.5,235.5,20.4,9,,2017-03-03T06:44:09,2017-03-03T18:22:19,0.14,Partially cloudy,Partly cloudy throughout the day.,partly-cloudy-day,"42182099999,VIDP,42139099999,42181099999,VIDD"
new delhi,2017-03-04,26.2,12,19.3,26.2,12,19.3,7.9,51.5,0,0,0,,,,29.5,18.1,266.2,1010.2,12,3,264.1,22.7,9,,2017-03-04T06:43:05,2017-03-04T18:22:57,0.19,Clear,Clear conditions throughout the day.,clear-day,"42182099999,VIDP,42139099999,42181099999,VIDD"
new delhi,2017-03-05,27.8,11,19.5,26.7,11,19.4,7,49.1,0,0,0,,,,33.5,22.3,266.6,1010.6,4.1,2.6,258.8,22.4,9,,2017-03-05T06:42:01,2017-03-05T18:23:35,0.25,Clear,Clear conditions throughout the day.,clear-day,"42182099999,VIDP,42139099999,42181099999,VIDD"
new delhi,2017-03-06,28,11,20.2,26.9,11,20.1,6.8,45.3,0,0,0,,,,33.5,18.6,220.6,1010.3,9.9,2.8,257.9,22.4,9,,2017-03-06T06:40:56,2017-03-06T18:24:12,0.31,Clear,Clear conditions throughout the day.,clear-day,"42182099999,VIDP,42139099999,42181099999,VIDD"
new delhi,2017-03-07,30,13,21.9,28.6,13,21.6,8.7,47.2,0,0,0,,,,,12.9,155.5,1008.8,30.1,2.6,227.7,19.7,8,,2017-03-07T06:39:51,2017-03-07T18:24:49,0.36,Partially cloudy,Partly cloudy throughout the day.,partly-cloudy-day,"42182099999,VIDP,42139099999,42181099999,VIDD"
new delhi,2017-03-08,26.8,19,22.2,26.8,19,22.2,11.5,51,0,0,0,,,,33.5,24.1,72.9,1008.3,56.3,3.3,213.2,18.4,7,,2017-03-08T06:38:45,2017-03-08T18:25:26,0.41,Partially cloudy,Partly cloudy throughout the day.,partly-cloudy-day,"42182099999,VIDP,42139099999,42181099999,VIDD"
new delhi,2017-03-09,27.9,15,19.6,27.8,15,19.6,13.8,71,2.2,100,8.33,rain,,,,16.6,86.6,1007.8,50.2,2.8,239.2,20.8,8,,2017-03-09T06:37:38,2017-03-09T18:26:02,0.45,"Rain, Partially cloudy",Partly cloudy throughout the day with rain.,rain,"42182099999,VIDP,42139099999,42181099999,VIDD"
new delhi,2017-03-10,24.8,15,18.3,24.8,15,18.3,12.8,70.9,2.3,100,8.33,rain,,,37.1,20.7,123.7,1007.1,50.3,3.4,242,20.9,8,,2017-03-10T06:36:31,2017-03-10T18:26:38,0.48,"Rain, Partially cloudy",Partly cloudy throughout the day with late afternoon rain.,rain,"42182099999,VIDP,42139099999,42181099999,VIDD"
new delhi,2017-03-11,23,12,17.4,23,12,17.4,10.1,65.5,0.8,100,4.17,rain,,,33.5,14.8,148,1010.1,47.6,3.5,260.5,22.2,9,,2017-03-11T06:35:24,2017-03-11T18:27:14,0.49,"Rain, Partially cloudy",Partly cloudy throughout the day with early morning rain.,rain,"42182099999,VIDP,42139099999,42181099999,VIDD,remote"
new delhi,2017-03-12,23.7,11.9,17.8,23.7,11.9,17.8,8.8,59.1,6,100,4.17,rain,,,46.4,27.7,232,1014.5,28.2,3.4,265.7,23,9,,2017-03-12T06:34:17,2017-03-12T18:27:50,0.5,"Rain, Partially cloudy",Partly cloudy throughout the day with early morning rain.,rain,"42182099999,VIDP,42139099999,42181099999,VIDD"
new delhi,2017-03-13,23.8,10,17.7,23.8,9.1,17.7,6.3,50.8,0,0,0,,,,29.5,19,256.3,1015,2.3,3.4,276,23.8,9,,2017-03-13T06:33:09,2017-03-13T18:28:25,0.51,Clear,Clear conditions throughout the day.,clear-day,"42182099999,VIDP,42139099999,42181099999,VIDD"
new delhi,2017-03-14,26,10.3,18.4,26,10.3,18.4,7.3,52.2,0,0,0,,,,27.7,18.8,130.8,1016.4,13.5,3.4,262.7,22.7,9,,2017-03-14T06:32:00,2017-03-14T18:29:00,0.52,Clear,Clear conditions throughout the day.,clear-day,"42182099999,VIDP,42139099999,42181099999,VIDD"
new delhi,2017-03-15,28,12,20.3,27,12,20.1,9.1,53.5,0,0,0,,,,27.7,37.8,188.3,1014.6,11.9,3,269.5,23.2,9,,2017-03-15T06:30:52,2017-03-15T18:29:35,0.54,Clear,Clear conditions throughout the day.,clear-day,"42182099999,VIDP,42139099999,42181099999,VIDD"
new delhi,2017-03-16,29.8,14.8,22.2,28.8,14.8,21.9,11,53,0,0,0,,,,,20.5,199.3,1011.7,49.2,2.7,221.2,19.2,8,,2017-03-16T06:29:43,2017-03-16T18:30:10,0.57,Partially cloudy,Partly cloudy throughout the day.,partly-cloudy-day,"42182099999,VIDP,42139099999,42181099999,VIDD"
new delhi,2017-03-17,27.8,13,21.4,27.4,13,21.4,12.8,61.4,0,0,0,,,,33.5,22.6,268.2,1010.8,9.2,2.8,240.6,20.8,9,,2017-03-17T06:28:34,2017-03-17T18:30:45,0.61,Clear,Clear conditions throughout the day.,clear-day,"42182099999,VIDP,42139099999,42181099999,VIDD"
new delhi,2017-03-18,29.8,14,22.6,28.8,14,22.3,11.2,52.3,0,0,0,,,,,27.8,241.1,1010.1,21.3,2.7,248.9,21.5,9,,2017-03-18T06:27:25,2017-03-18T18:31:19,0.65,Partially cloudy,Partly cloudy throughout the day.,partly-cloudy-day,"42182099999,VIDP,42139099999,42181099999,VIDD"
new delhi,2017-03-19,29.8,16.8,22.9,29.4,16.8,22.9,12.9,54.8,0,0,0,,,,27.7,18.1,211.7,1011.4,26.4,3,259.6,22.3,9,,2017-03-19T06:26:16,2017-03-19T18:31:53,0.7,Partially cloudy,Partly cloudy throughout the day.,partly-cloudy-day,"42182099999,VIDP,42139099999,42181099999,VIDD"
new delhi,2017-03-20,30.2,16,22.9,29,16,22.7,13.3,58.5,0,0,0,,,,38.9,23.5,233,1012.4,0,2.7,275.4,23.9,9,,2017-03-20T06:25:06,2017-03-20T18:32:27,0.75,Clear,Clear conditions throughout the day.,clear-day,"42182099999,VIDP,42139099999,42181099999,VIDD"
new delhi,2017-03-21,33.2,17,25.1,32.2,17,24.8,13.4,52.1,0,0,0,,,,32.7,20.7,204.1,1011.9,6.5,2.7,269,23.3,9,,2017-03-21T06:23:57,2017-03-21T18:33:01,0.79,Clear,Clear conditions throughout the day.,clear-day,"42182099999,VIDP,42139099999,42181099999,VIDD"
new delhi,2017-03-22,35.2,19,27.1,35.3,19,26.9,14.1,48.3,0,0,0,,,,33.5,22,209.1,1010.1,0,3.1,279.4,24,9,,2017-03-22T06:22:47,2017-03-22T18:33:35,0.84,Clear,Clear conditions throughout the day.,clear-day,"42182099999,VIDP,42139099999,42181099999,VIDD"
new delhi,2017-03-23,37,19.5,28.5,37.9,19.5,28.6,15.5,48.6,0,0,0,,,,,9.4,147.9,1009,6.3,3.1,255.9,22.1,8,,2017-03-23T06:21:37,2017-03-23T18:34:09,0.89,Clear,Clear conditions throughout the day.,clear-day,"42182099999,VIDP,42139099999,42181099999,VIDD"
new delhi,2017-03-24,34.8,21.6,28.1,33.5,21.6,27.7,14.6,47.3,0,0,0,,,,33.5,95.3,267,1009.9,25.9,2.9,260.1,22.6,9,,2017-03-24T06:20:28,2017-03-24T18:34:43,0.93,Partially cloudy,Partly cloudy throughout the day.,wind,"42182099999,VIDP,42139099999,42181099999,VIDD"
new delhi,2017-03-25,34.7,17,26.5,33.3,17,26.1,12.9,46.2,0,0,0,,,,33.5,25.5,290.6,1010.2,5.9,3.5,284.8,24.5,10,,2017-03-25T06:19:18,2017-03-25T18:35:16,0.96,Clear,Clear conditions throughout the day.,clear-day,"42182099999,VIDP,42139099999,42181099999,VIDD"
new delhi,2017-03-26,34.8,18,27.4,33,18,26.9,13.2,45.2,0,0,0,,,,50.3,32.4,289,1010.6,3.5,3.3,286.9,24.9,9,,2017-03-26T06:18:08,2017-03-26T18:35:50,0.99,Clear,Clear conditions throughout the day.,clear-day,"42182099999,VIDP,42139099999,42181099999,VIDD"
new delhi,2017-03-27,37,20,28.9,37,20,28.9,15.1,44.8,0,0,0,,,,34.9,143.3,290.8,1009.5,0.4,3.4,284.6,24.6,9,,2017-03-27T06:16:59,2017-03-27T18:36:23,1,Clear,Clear conditions throughout the day.,wind,"42182099999,VIDP,42139099999,42181099999,VIDD"
new delhi,2017-03-28,38,22,29.9,37,22,29.9,16,46.8,0,0,0,,,,37.1,16.9,287.2,1008.7,0.4,3,270.9,23.3,9,,2017-03-28T06:15:49,2017-03-28T18:36:56,0,Clear,Clear conditions throughout the day.,clear-day,"42182099999,VIDP,42139099999,42181099999,VIDD"
new delhi,2017-03-29,38.1,23,30.6,37.5,23,30.4,15.2,42.4,0,0,0,,,,39.2,24,261.5,1007.5,0,3.4,286.1,24.6,10,,2017-03-29T06:14:40,2017-03-29T18:37:30,0.01,Clear,Clear conditions throughout the day.,clear-day,"42182099999,VIDP,42139099999,42181099999,VIDD"
new delhi,2017-03-30,38,22,31.1,37.4,22,30.8,14.8,40.3,0,0,0,,,,42.4,25.3,295,1007.3,2.2,3.5,284.1,24.6,9,,2017-03-30T06:13:30,2017-03-30T18:38:03,0.04,Clear,Clear conditions throughout the day.,clear-day,"42182099999,VIDP,42139099999,42181099999,VIDD"
new delhi,2017-03-31,39,23,31.1,38.4,23,31,15,40.5,0,0,0,,,,,16.6,266.4,1007.7,24.1,3.4,232.9,20.3,7,,2017-03-31T06:12:21,2017-03-31T18:38:36,0.08,Partially cloudy,Partly cloudy throughout the day.,partly-cloudy-day,"42182099999,VIDP,42139099999,42181099999,VIDD"
new delhi,2017-04-01,40,23,31.7,38.6,23,31.4,14.8,39.6,0,0,0,,,,33.5,21,244.6,1005.6,25.4,3.3,262.7,22.6,9,,2017-04-01T06:11:12,2017-04-01T18:39:10,0.12,Partially cloudy,Partly cloudy throughout the day.,partly-cloudy-day,"42182099999,VIDP,42139099999,42181099999,VIDD"
new delhi,2017-04-02,38,23,30.9,36.7,23,30.2,13.5,38,0,0,0,,,,33.5,24.2,288.5,1004.3,5.1,3.8,296.6,25.8,10,,2017-04-02T06:10:04,2017-04-02T18:39:43,0.18,Clear,Clear conditions throughout the day.,clear-day,"42182099999,VIDP,42139099999,42181099999,VIDD"
new delhi,2017-04-03,39.2,22,31.4,37.8,22,30.5,11.7,32.4,0,0,0,,,,27.7,20.1,230,1004.5,6,3.7,256,22,9,,2017-04-03T06:08:55,2017-04-03T18:40:16,0.23,Clear,Clear conditions throughout the day.,clear-day,"42182099999,VIDP,42139099999,42181099999,VIDD"
new delhi,2017-04-04,37,23.5,30.2,35.1,23.5,29.4,12.4,35.1,0,0,0,,,,40.7,31.2,190.5,1006.4,43.3,3.8,283.9,24.6,9,,2017-04-04T06:07:47,2017-04-04T18:40:50,0.29,Partially cloudy,Partly cloudy throughout the day.,partly-cloudy-day,"42182099999,VIDP,42139099999,42181099999,VIDD"
new delhi,2017-04-05,33.8,22.8,27.9,35.2,22.8,28.3,16.8,51.9,25.4,100,8.33,rain,,,46.4,24.1,122.1,1004.3,51.7,3.4,281.6,24.3,9,,2017-04-05T06:06:39,2017-04-05T18:41:23,0.34,"Rain, Partially cloudy",Partly cloudy throughout the day with rain.,rain,"42182099999,VIDP,42139099999,42181099999,VIDD"
new delhi,2017-04-06,38,23.9,29.9,36.1,23.9,29.2,11.8,36.5,1.4,100,8.33,rain,,,37.1,24.1,193.2,1002.8,20.9,3.4,295.6,25.5,10,,2017-04-06T06:05:32,2017-04-06T18:41:56,0.39,"Rain, Partially cloudy",Partly cloudy throughout the day with early morning rain.,rain,"42182099999,VIDP,42139099999,42181099999,VIDD"
new delhi,2017-04-07,34.2,23,28.8,32,23,27.7,6.8,28,0,0,0,,,,,17.4,234.1,1007,8,2.1,257.7,22.3,9,,2017-04-07T06:04:24,2017-04-07T18:42:30,0.43,Clear,Clear conditions throughout the day.,clear-day,"42182099999,VIDP,42139099999,42181099999,VIDD"
new delhi,2017-04-08,33.8,17.6,26.6,31.5,17.6,25.7,4.4,26.6,0,0,0,,,,,19.5,224,1010.3,0,3.3,308,26.5,10,,2017-04-08T06:03:18,2017-04-08T18:43:04,0.46,Clear,Clear conditions throughout the day.,clear-day,"42182099999,VIDP,42139099999,42181099999,VIDD"
new delhi,2017-04-09,32.2,19.3,27,30,19.3,26.1,5.1,26.3,0,0,0,,,,43.1,24.6,311.4,1010.9,0,4.1,321.8,27.7,10,,2017-04-09T06:02:11,2017-04-09T18:43:37,0.48,Clear,Clear conditions throughout the day.,clear-day,"42182099999,VIDP,42139099999,42181099999,VIDD"
new delhi,2017-04-10,34,20,27.5,32,20,26.6,5.6,25.6,0,0,0,,,,47.9,26.9,295.6,1008.9,0,3.8,320.4,27.8,10,,2017-04-10T06:01:05,2017-04-10T18:44:11,0.5,Clear,Clear conditions throughout the day.,clear-day,"42182099999,VIDP,42139099999,42181099999,VIDD"
new delhi,2017-04-11,38,17,29.1,35.3,17,27.7,4.8,23.6,0,0,0,,,,46.4,26.1,276.3,1006.6,0.5,3.8,310.2,26.7,10,,2017-04-11T06:00:00,2017-04-11T18:44:45,0.5,Clear,Clear conditions throughout the day.,clear-day,"42182099999,VIDP,42139099999,42181099999,VIDD"
new delhi,2017-04-12,39,20,30.6,36.7,20,29.2,7,25.3,0,0,0,,,,45.2,27,251.6,1005.9,0,3.5,305.1,26.3,10,,2017-04-12T05:58:55,2017-04-12T18:45:19,0.51,Clear,Clear conditions throughout the day.,clear-day,"42182099999,VIDP,42139099999,42181099999,VIDD"
new delhi,2017-04-13,40.2,21.2,30.9,37.6,21.2,29.6,8.3,27.7,0,0,0,,,,,10.5,154.2,1006.5,0,3.3,311.5,27,10,,2017-04-13T05:57:50,2017-04-13T18:45:53,0.53,Clear,Clear conditions throughout the day.,clear-day,"42182099999,VIDP,42139099999,42181099999,VIDD"
new delhi,2017-04-14,40.5,22.6,32.2,39.4,22.6,31.3,10.7,29.5,0,0,0,,,,,11.2,104.3,1005,0,3.1,296.7,25.4,10,,2017-04-14T05:56:46,2017-04-14T18:46:27,0.55,Clear,Clear conditions throughout the day.,clear-day,"42182099999,VIDP,42139099999,42181099999,VIDD"
new delhi,2017-04-15,40.5,23.4,32.7,38.6,23.4,31.5,10.7,30.2,0,0,0,,,,,20.8,192.7,1002.4,0.5,3.3,299.1,25.9,10,,2017-04-15T05:55:43,2017-04-15T18:47:01,0.58,Clear,Clear conditions throughout the day.,clear-day,"42182099999,VIDP,42139099999,42181099999,VIDD"
new delhi,2017-04-16,40.3,23,32.2,39.8,23,31.7,12.1,31.1,0,0,0,,,,,10.3,128.4,1003.1,0,3,317.6,27.4,10,,2017-04-16T05:54:40,2017-04-16T18:47:35,0.62,Clear,Clear conditions throughout the day.,clear-day,"42182099999,VIDP,42139099999,42181099999,VIDD"
new delhi,2017-04-17,41.5,26,33.3,41.3,26,33.7,16.3,38.4,0,0,0,,,,,16,138.2,1004.3,0,3.1,302.6,26.1,10,,2017-04-17T05:53:38,2017-04-17T18:48:10,0.66,Clear,Clear conditions throughout the day.,clear-day,"42182099999,VIDP,42139099999,42181099999,VIDD"
new delhi,2017-04-18,42.3,26.3,34.4,40.9,26.3,33.8,13.5,33.5,0,0,0,,,,37.1,21,224,1002.9,0,2.8,296.8,25.5,10,,2017-04-18T05:52:36,2017-04-18T18:48:44,0.71,Clear,Clear conditions throughout the day.,clear-day,"42182099999,VIDP,42139099999,42181099999,VIDD"
new delhi,2017-04-19,42.2,26.6,35.2,40.4,26.6,33.7,9.4,22.3,0,0,0,,,,33.5,33,218.3,1001.2,0,3.5,314,27.1,10,,2017-04-19T05:51:35,2017-04-19T18:49:19,0.76,Clear,Clear conditions throughout the day.,clear-day,"42182099999,VIDP,42139099999,42181099999,VIDD"
new delhi,2017-04-20,43,27.5,35.5,43.5,27.1,35.1,13,27.2,0,0,0,,,,,17.1,192.3,998.8,0,3.7,303.8,26.2,10,,2017-04-20T05:50:35,2017-04-20T18:49:54,0.81,Clear,Clear conditions throughout the day.,clear-day,"42182099999,VIDP,42139099999,42181099999,VIDD"
new delhi,2017-04-21,40.3,29,34.7,45.1,30,37.4,19.6,42.5,0,0,0,,,,,20.3,96.8,999.9,4.3,2.9,285.8,24.7,9,,2017-04-21T05:49:36,2017-04-21T18:50:29,0.86,Clear,Clear conditions throughout the day.,clear-day,"42182099999,VIDP,42139099999,42181099999,VIDD"
new delhi,2017-04-22,39.6,29.8,33.3,45.1,30.7,35.8,19.6,45.1,0,0,0,,,,46.4,19.2,123.7,1001.5,18.6,2.5,278,23.8,9,,2017-04-22T05:48:37,2017-04-22T18:51:04,0.9,Clear,Clear conditions throughout the day.,clear-day,"42182099999,VIDP,42139099999,42181099999,VIDD"
new delhi,2017-04-23,40.2,26,32.9,39.3,26,32.5,14.2,35.1,0.6,100,8.33,rain,,,,21.6,279.5,1002.2,12.7,3.1,290.9,25.2,9,,2017-04-23T05:47:39,2017-04-23T18:51:39,0.94,Rain,Clear conditions throughout the day with early morning rain.,rain,"42182099999,VIDP,42139099999,42181099999,VIDD"
new delhi,2017-04-24,38,26,32.1,37.5,26,31.5,13.5,33.5,0,0,0,,,,46.4,27.7,268.8,1004.1,14,3.5,275.9,23.7,9,,2017-04-24T05:46:42,2017-04-24T18:52:14,0.98,Clear,Clear conditions throughout the day.,clear-day,"42182099999,VIDP,42139099999,42181099999,VIDD,remote"
new delhi,2017-04-25,39,24,31.9,37.2,24,31.1,12,31.6,2,100,4.17,rain,,,40.7,22.9,294.8,1004.4,16.7,3.3,298.7,25.8,10,,2017-04-25T05:45:45,2017-04-25T18:52:50,1,Rain,Clear conditions throughout the day with late afternoon rain.,rain,"42182099999,VIDP,42139099999,42181099999,VIDD"
new delhi,2017-04-26,38.2,23,31.2,37.4,23,30.5,11.9,32.6,0.2,100,8.33,rain,,,37.1,22.1,222.6,1005,35.8,3.6,300.8,26,10,,2017-04-26T05:44:50,2017-04-26T18:53:25,1,"Rain, Partially cloudy",Partly cloudy throughout the day with early morning rain.,rain,"42182099999,VIDP,42139099999,42181099999,VIDD,remote"
new delhi,2017-04-27,37.3,23.5,31.9,37,23.5,31.1,11.8,30.5,0,0,0,,,,33.5,48.8,244.8,1006.4,49.5,3.1,294.5,25.6,9,,2017-04-27T05:43:55,2017-04-27T18:54:01,0.01,Partially cloudy,Partly cloudy throughout the day.,wind,"42182099999,VIDP,42139099999,42181099999,VIDD"
new delhi,2017-04-28,38.2,24.9,32,37.9,24.9,31.3,12.7,32.1,0.2,100,4.17,rain,,,33.5,18.1,202.5,1005.2,42.3,3.2,303.6,26.2,9,,2017-04-28T05:43:01,2017-04-28T18:54:37,0.03,"Rain, Partially cloudy",Partly cloudy throughout the day with late afternoon rain.,rain,"42182099999,VIDP,42139099999,42181099999,VIDD"
new delhi,2017-04-29,39,24.8,31.3,38.5,24.8,30.9,13.7,35.7,0,0,0,,,,37.8,19,102.6,1005.2,46.8,3.3,263.2,22.9,9,,2017-04-29T05:42:08,2017-04-29T18:55:13,0.06,Partially cloudy,Partly cloudy throughout the day.,partly-cloudy-day,"42182099999,VIDP,42139099999,42181099999,VIDD"
new delhi,2017-04-30,38,24,31.1,39.7,24,31.3,15.3,39.5,0.6,100,12.5,rain,,,46.4,20.5,71.5,1005.7,45.7,3.4,285.7,24.5,9,,2017-04-30T05:41:16,2017-04-30T18:55:49,0.11,"Rain, Partially cloudy",Clearing in the afternoon with early morning rain.,rain,"42182099999,VIDP,42139099999,42181099999,VIDD"
